names,rates,dates,urls
蕾丝高开叉旗袍Something~油亮黑丝虾线【巫小萤】,观看1075 • 弹幕0,2024/05/16,https://www.acfun.cn/v/ac44546118
后妈裙~进来叫姐姐,观看9044 • 弹幕19,2024/05/15,https://www.acfun.cn/v/ac44546192
近距离吊带白丝Tiamo~Tara【巫小萤】,观看5497 • 弹幕15,2024/04/28,https://www.acfun.cn/v/ac44381497
竖屏~修女大摆锤【进来挑虾线】phut hon~向姐姐忏悔【巫小萤】,观看5417 • 弹幕12,2024/04/25,https://www.acfun.cn/v/ac44381486
油亮白姐姐丝tiamo-tara【巫小萤】,观看1.5万 • 弹幕22,2024/04/23,https://www.acfun.cn/v/ac44381460
修女大摆锤~phut hon~向姐姐忏悔【巫小萤】,观看2.1万 • 弹幕30,2024/03/30,https://www.acfun.cn/v/ac44182826
竖屏/粉白蕾丝旗袍~桃花笑【巫小萤】,观看1.9万 • 弹幕73,2024/03/28,https://www.acfun.cn/v/ac44062927
蕾丝怨妇Alone一个人也要好好的【巫小萤】,观看9362 • 弹幕22,2024/03/22,https://www.acfun.cn/v/ac44065082
粉白蕾丝旗袍/桃花笑~【巫小萤】,观看5.0万 • 弹幕410,2024/03/19,https://www.acfun.cn/v/ac44062856
油亮吊带蕾丝黑~兔子学姐~兔女郎,观看1.3万 • 弹幕9,2024/03/18,https://www.acfun.cn/v/ac44064601
蕾丝秘书Alone-sistar【巫小萤】怨妇风神曲,观看2.3万 • 弹幕63,2024/02/28,https://www.acfun.cn/v/ac43873147
修女女仆版越南摇【巫小萤】,观看7146 • 弹幕16,2024/02/19,https://www.acfun.cn/v/ac43779704
迟到的情人节快乐~开盲盒加长版【巫小萤】橘子焦糖-Catallena,观看3.3万 • 弹幕49,2024/02/17,https://www.acfun.cn/v/ac43779688
竖屏~油亮过膝绝对领域IVE-baddie【巫小萤】,观看7969 • 弹幕18,2024/02/01,https://www.acfun.cn/v/ac43616727
近距离小恶魔Rolypoly【巫小萤】,观看1.2万 • 弹幕23,2024/01/30,https://www.acfun.cn/v/ac43616713
恶魔小皮裙Roly poly魅魔摇【巫小萤】,观看1.3万 • 弹幕30,2024/01/28,https://www.acfun.cn/v/ac43616694
谁家的肉丝OL秘书这么感性stickysticky【巫小萤】,观看1.1万 • 弹幕23,2024/01/28,https://www.acfun.cn/v/ac43634815
成为我的专属吧Be my poi-鞠婧祎【巫小萤】,观看2.1万 • 弹幕39,2024/01/26,https://www.acfun.cn/v/ac43616695
油亮过膝绝对领域IVE-baddie【巫小萤】,观看1.9万 • 弹幕33,2024/01/07,https://www.acfun.cn/v/ac43420775
捕获你的心Miss A-Hush【巫小萤】,观看8186 • 弹幕35,2024/01/04,https://www.acfun.cn/v/ac43420766
过膝黑小恶魔-you&me【巫小萤】,观看1.6万 • 弹幕25,2023/12/29,https://www.acfun.cn/v/ac43329900
你被制服姐姐逮捕了！Hush【巫小萤】,观看5733 • 弹幕14,2023/12/27,https://www.acfun.cn/v/ac43329859
油亮姐姐Yasisi【巫小萤】,观看5613 • 弹幕38,2023/12/26,https://www.acfun.cn/v/ac43329893
进来忏悔吧！修女姐姐Drama【巫小萤】,观看9747 • 弹幕23,2023/12/24,https://www.acfun.cn/v/ac43329850
竖屏油亮白丝恶魔you and me 【巫小萤】,观看1.7万 • 弹幕17,2023/11/26,https://www.acfun.cn/v/ac43015093
竖屏更近的秘书姐姐excuse me,观看3.5万 • 弹幕28,2023/11/24,https://www.acfun.cn/v/ac43015089
瑜伽裤姐姐perfect night,观看1.1万 • 弹幕38,2023/11/22,https://www.acfun.cn/v/ac43015078
修女停车场大摆锤phut hon,观看1.2万 • 弹幕42,2023/11/06,https://www.acfun.cn/v/ac42842087
油亮小恶魔~you and me【巫小萤】,观看1.4万 • 弹幕52,2023/10/28,https://www.acfun.cn/v/ac42752016
黑丝高跟~超喜欢你啾【巫小萤】,观看1.1万 • 弹幕39,2023/10/21,https://www.acfun.cn/v/ac42694698
吊带油亮黑丝Day by day -Tara【巫小萤】,观看2.0万 • 弹幕69,2023/10/13,https://www.acfun.cn/v/ac42622937
蓝色战衣+虾线黑丝Blue Moon 昨夜【巫小萤】,观看3.6万 • 弹幕85,2023/10/02,https://www.acfun.cn/v/ac42513769
吊带红边黑丝Yasisi【巫小萤】,观看2.4万 • 弹幕38,2023/09/25,https://www.acfun.cn/v/ac42436805
修女傲慢舞·进来忏悔【巫小萤】,观看2.6万 • 弹幕58,2023/09/18,https://www.acfun.cn/v/ac42351324
油亮灰秘书姐姐️Excuse Me-AOA【巫小萤】,观看1.7万 • 弹幕48,2023/09/16,https://www.acfun.cn/v/ac42341466
吊带白丝None of My Business-ITZY【巫小萤】,观看1.8万 • 弹幕28,2023/09/14,https://www.acfun.cn/v/ac42341461
包臀10cm姐姐的Brave Girls-Thank you【巫小萤】,观看1.3万 • 弹幕34,2023/08/19,https://www.acfun.cn/v/ac42115965
是你最爱的锁子甲过膝高跟WAVE-IVE【巫小萤】,观看9517 • 弹幕19,2023/08/11,https://www.acfun.cn/v/ac42042700
油亮火辣spicy-aespa【巫小萤】,观看1.4万 • 弹幕30,2023/08/04,https://www.acfun.cn/v/ac41994194
魅惑之紫FLOWER-JISOO【巫小萤】,观看1.9万 • 弹幕31,2023/07/14,https://www.acfun.cn/v/ac41822643
从此君王不早朝！寄明月,观看1.1万 • 弹幕23,2023/07/10,https://www.acfun.cn/v/ac41766583
吊带旗袍蹦迪~极乐净土【巫小萤】,观看1.6万 • 弹幕43,2023/07/07,https://www.acfun.cn/v/ac41766575
油亮肉丝Queencard-(G)IDLE【巫小萤】,观看3.0万 • 弹幕54,2023/07/06,https://www.acfun.cn/v/ac41766570
竖屏是我吊带皮裙战衣RED-泫雅【巫小萤】,观看1.4万 • 弹幕38,2023/06/12,https://www.acfun.cn/v/ac41584606
吊带皮裙战衣RED-泫雅【巫小萤】,观看2.1万 • 弹幕19,2023/06/04,https://www.acfun.cn/v/ac41522722
皮裙魅魔姐姐Sexy Love【巫小萤】,观看2.0万 • 弹幕42,2023/05/25,https://www.acfun.cn/v/ac41439462
油亮甜辣/Tell Me Tell Me【巫小萤】,观看3.1万 • 弹幕47,2023/05/05,https://www.acfun.cn/v/ac41286604
衬衫高跟秘书IThirsty-aespa【巫小萤】,观看1.5万 • 弹幕19,2023/04/21,https://www.acfun.cn/v/ac41172204
JK制服美少女撸狗的日常,观看5314 • 弹幕6,2023/04/21,https://www.acfun.cn/v/ac41184843
小狐狸录舞花絮,观看6048 • 弹幕0,2023/04/18,https://www.acfun.cn/v/ac41158971
竖屏/油亮肉丝bingbing发光御姐【巫小萤】,观看1.3万 • 弹幕31,2023/04/17,https://www.acfun.cn/v/ac41107065
10cm高跟秘书姐姐制服舞蹈【巫小萤】,观看2.5万 • 弹幕37,2023/04/13,https://www.acfun.cn/v/ac41107031
油亮肉丝bingbing发光御姐【巫小萤】,观看2.1万 • 弹幕28,2023/04/03,https://www.acfun.cn/v/ac41040692
竖屏♡旗袍妈妈的横竖撇点折【巫小萤】,观看2.0万 • 弹幕30,2023/03/23,https://www.acfun.cn/v/ac40948204
女主播舞蹈之动感光波波波波【巫小萤】,观看4.7万 • 弹幕74,2023/03/17,https://www.acfun.cn/v/ac40906293
旗袍妈妈的横竖撇点折【巫小萤】,观看3.8万 • 弹幕54,2023/03/03,https://www.acfun.cn/v/ac40782273
制服学姐这么纯御（可爱）真的抱歉！【巫小萤】,观看1.9万 • 弹幕125,2023/02/10,https://www.acfun.cn/v/ac40619697
高跟原声+Q弹猫耳女仆Loveit【巫小萤】,观看1.5万 • 弹幕28,2023/02/03,https://www.acfun.cn/v/ac40566433
甜御姐姐的恋爱告急【巫小萤】,观看2.2万 • 弹幕55,2023/01/17,https://www.acfun.cn/v/ac40456130
竖屏|油亮姐姐FEARLESS-LE SSERAFIM【巫小萤】,观看1.7万 • 弹幕20,2023/01/06,https://www.acfun.cn/v/ac40359557
擦地撩发姐姐FEARLESS-LE SSERAFIM【巫小萤】,观看1.0万 • 弹幕17,2022/12/30,https://www.acfun.cn/v/ac40292264
竖屏|性感高跟鞋High Heels【巫小萤】,观看2.7万 • 弹幕31,2022/12/27,https://www.acfun.cn/v/ac40263965
性感高跟鞋High Heels【巫小萤】,观看5.6万 • 弹幕68,2022/12/23,https://www.acfun.cn/v/ac40226415
竖屏后妈裙Starry Night | 星星闪耀的夜晚【巫小萤】,观看3.9万 • 弹幕62,2022/12/21,https://www.acfun.cn/v/ac40208449
韩漫后妈裙Starry Night | 星星闪耀的夜晚【巫小萤】,观看6.4万 • 弹幕76,2022/12/16,https://www.acfun.cn/v/ac40158977
4K竖屏#修女姐姐的成人礼【巫小萤】进来忏悔,观看2.3万 • 弹幕39,2022/12/08,https://www.acfun.cn/v/ac40072112
修女姐姐的成人礼#忏悔吧【巫小萤】,观看2.9万 • 弹幕63,2022/12/03,https://www.acfun.cn/v/ac40015761
主播笛子舞Back To Me【巫小萤】吹给你听,观看3.0万 • 弹幕30,2022/11/25,https://www.acfun.cn/v/ac39937937
肉感电动马达体操服♫Bunny【巫小萤】,观看2.3万 • 弹幕24,2022/11/13,https://www.acfun.cn/v/ac39720503
竖屏️粉嫩雪糕的热恋冰淇淋【巫小萤】,观看1.6万 • 弹幕23,2022/11/08,https://www.acfun.cn/v/ac39621618
万圣节之夜♡Happy Halloween♆◥(ฅº￦ºฅ)◤【巫小萤】,观看1.4万 • 弹幕28,2022/11/01,https://www.acfun.cn/v/ac39492244
粉粉嫩嫩的草莓味热恋冰淇淋【巫小萤】,观看1.5万 • 弹幕7,2022/10/27,https://www.acfun.cn/v/ac39398527
️竖屏️油腻姐姐的的猫爪舞Door【巫小萤】,观看1.2万 • 弹幕6,2022/10/25,https://www.acfun.cn/v/ac39373737
油亮姐姐的猫爪舞Door【巫小萤】,观看1.6万 • 弹幕4,2022/10/21,https://www.acfun.cn/v/ac39304845
极致丝滑的叮叮当当舞【巫小萤】,观看2.2万 • 弹幕20,2022/10/10,https://www.acfun.cn/v/ac39137008
是黑色渐变BLACKPINK - Pink Venom【巫小萤】,观看2.0万 • 弹幕21,2022/09/16,https://www.acfun.cn/v/ac37449243
竖屏油腻御姐Stellar-刺痛【巫小萤】,观看3.6万 • 弹幕30,2022/09/15,https://www.acfun.cn/v/ac37433926
油亮黑丝御姐I Stellar-刺痛【巫小萤】,观看4.5万 • 弹幕55,2022/09/02,https://www.acfun.cn/v/ac37098090
竖屏I有雪糕吃的小城夏天【巫小萤】,观看1.7万 • 弹幕18,2022/08/30,https://www.acfun.cn/v/ac37012599
丝滑竖屏蛇蝎美女illusion（怪火）-aespa【巫小萤】BELIEVE,观看3.6万 • 弹幕38,2022/08/22,https://www.acfun.cn/v/ac36767617
蛇蝎美女出洞illusion（怪火）-aespa【巫小萤】,观看3.1万 • 弹幕41,2022/08/16,https://www.acfun.cn/v/ac36543415
竖屏I渐变黑丝女仆TWICE - What is Love？【巫小萤】,观看5.7万 • 弹幕38,2022/08/10,https://www.acfun.cn/v/ac36273291
夏天就应该穿吊带！小城夏天【巫小萤】,观看6637 • 弹幕12,2022/08/08,https://www.acfun.cn/v/ac36171235
竖屏黑丝高跟Genie少女时代【巫小萤】,观看1.2万 • 弹幕9,2022/08/04,https://www.acfun.cn/v/ac36058866
仙剑绿heart burn-宣美【巫小萤】,观看8245 • 弹幕16,2022/07/29,https://www.acfun.cn/v/ac35958581
丝滑甜欲POP--林娜琏solo【巫小萤】,观看1.5万 • 弹幕15,2022/07/21,https://www.acfun.cn/v/ac35821092
渐变黑丝女仆TWICE - What is Love？【巫小萤】,观看2.3万 • 弹幕27,2022/07/07,https://www.acfun.cn/v/ac35584634
裸足渐变紫JK日不落-日不落【巫小萤】,观看2.0万 • 弹幕38,2022/07/01,https://www.acfun.cn/v/ac35489993
约尔太太的TOMBOY你顶得住吗？【巫小萤】,观看7728 • 弹幕9,2022/06/29,https://www.acfun.cn/v/ac35462694
腿会发光的感性姐姐Genie-少女时代【巫小萤】,观看2.1万 • 弹幕23,2022/06/09,https://www.acfun.cn/v/ac35196013
甜御学姐Apink - Dumhdurum【巫小萤】,观看1.1万 • 弹幕12,2022/05/26,https://www.acfun.cn/v/ac35011637
直角肩姐姐谁不爱呢？Miss A-Goodbye baby【巫小萤】,观看5.2万 • 弹幕91,2022/05/19,https://www.acfun.cn/v/ac34918192
猫耳JK阿波连ed舞蹈测不准的阿波连同学【巫小萤】,观看9908 • 弹幕15,2022/05/17,https://www.acfun.cn/v/ac34899171
油亮兔女郎天台跳舞LOVE DIVE-IVE【巫小萤】,观看1.5万 • 弹幕10,2022/05/03,https://www.acfun.cn/v/ac34697570
刘畊宏女孩申请出战！【巫小萤】,观看2.5万 • 弹幕32,2022/04/30,https://www.acfun.cn/v/ac34654218
性感椅子舞 Brave Girls - Rollin 【巫小萤】,观看3.6万 • 弹幕39,2022/04/27,https://www.acfun.cn/v/ac34609397
这个性感秘书也太会扭了！★Hot issue★【巫小萤】,观看2.3万 • 弹幕17,2022/04/19,https://www.acfun.cn/v/ac34499098
性感旗袍竖屏RingRing-洪真英【巫小萤】打电话舞蹈,观看2.8万 • 弹幕25,2022/04/13,https://www.acfun.cn/v/ac34415030
快给性感姐姐打电话吧RingRing-洪真英【巫小萤】,观看1.4万 • 弹幕24,2022/04/04,https://www.acfun.cn/v/ac34289033
白丝性感高跟一分一秒【巫小萤】,观看4.6万 • 弹幕32,2022/03/24,https://www.acfun.cn/v/ac34128936
感性御姐一分一秒朴智妍-tara【巫小萤】,观看6.3万 • 弹幕48,2022/03/17,https://www.acfun.cn/v/ac34031766
白丝软妹【巫小萤】染上你的颜色,观看9269 • 弹幕17,2022/03/10,https://www.acfun.cn/v/ac33938194
白丝高跟️竖屏So Crazy【巫小萤】完全疯了,观看1.3万 • 弹幕8,2022/03/01,https://www.acfun.cn/v/ac33822884
感性水手制服So Crazy【巫小萤】完全疯了,观看5580 • 弹幕8,2022/02/24,https://www.acfun.cn/v/ac33753690
感性蹦迪Twice Fancy【巫小萤】,观看4.8万 • 弹幕39,2022/02/18,https://www.acfun.cn/v/ac33664377
丝滑竖屏Kep1er-WADADA【巫小萤】,观看5.8万 • 弹幕53,2022/02/15,https://www.acfun.cn/v/ac33625003
纯欲战衣Kep1er-WADADA【巫小萤】,观看9.4万 • 弹幕65,2022/02/10,https://www.acfun.cn/v/ac33549502
【竖屏】主播都会的打糕舞,观看2.1万 • 弹幕16,2022/02/09,https://www.acfun.cn/v/ac33535798
感性旗袍【巫小萤】广寒谣,观看3.5万 • 弹幕24,2022/02/01,https://www.acfun.cn/v/ac33435612
主播都会跳的打糕舞【巫小萤】,观看3.6万 • 弹幕29,2022/01/20,https://www.acfun.cn/v/ac33161284
【竖屏】感性kill this love【巫小萤】,观看7.0万 • 弹幕55,2022/01/18,https://www.acfun.cn/v/ac33136898
【巫小萤】生日作➸Kill This Love➸,观看1.8万 • 弹幕41,2022/01/11,https://www.acfun.cn/v/ac33040074
【竖屏】尾巴Q弹 bo peep bo peep【巫小萤】,观看1.3万 • 弹幕9,2021/12/31,https://www.acfun.cn/v/ac32932886
旗袍扇子舞❀夜泊秦淮❀吴侬细语【巫小萤】,观看1.4万 • 弹幕21,2021/12/30,https://www.acfun.cn/v/ac32921853
抖抖抖Q弹！Bo Peep Bo Peep【巫小萤】,观看1.3万 • 弹幕18,2021/12/23,https://www.acfun.cn/v/ac32843611
白色喵娘宵夜蝴蝶【巫小萤】,观看1.2万 • 弹幕13,2021/12/12,https://www.acfun.cn/v/ac32720447
【巫小萤】感性姐姐Yasisi-NS允智,观看1.1万 • 弹幕21,2021/12/02,https://www.acfun.cn/v/ac32610036
【竖屏】会发光的New Thang【巫小萤】,观看1.2万 • 弹幕7,2021/11/26,https://www.acfun.cn/v/ac32497477
会发光的舞蹈New Thang【巫小萤】,观看2.7万 • 弹幕45,2021/11/23,https://www.acfun.cn/v/ac32437051
【巫小萤】APINK-NONONO甜美学姐,观看9958 • 弹幕8,2021/11/14,https://www.acfun.cn/v/ac32076378
【竖屏】粉色战衣舞【巫小萤】纯欲风,观看1.3万 • 弹幕10,2021/11/09,https://www.acfun.cn/v/ac31830561
【巫小萤】粉色战衣|只是长胖,观看2.0万 • 弹幕61,2021/11/03,https://www.acfun.cn/v/ac31650050
【巫小萤】无敌大摆锤Phut Hon全曲翻跳,观看3.6万 • 弹幕59,2021/10/21,https://www.acfun.cn/v/ac31480027
★竖屏★油腻猫系女友Lion heart-少女时代【巫小萤】,观看2.9万 • 弹幕26,2021/10/10,https://www.acfun.cn/v/ac31361569
【巫小萤】蔡依林-舞娘/异域风情,观看5.4万 • 弹幕46,2021/10/05,https://www.acfun.cn/v/ac31312524
【巫小萤】Lion heart-少女时代#猫系女王,观看2.4万 • 弹幕30,2021/09/17,https://www.acfun.cn/v/ac31119378
【巫小萤】丝滑换装SOMI-DUMB DUMB,观看3.0万 • 弹幕38,2021/09/11,https://www.acfun.cn/v/ac31058612
魅惑旗袍❀胭脂【巫小萤】,观看2.7万 • 弹幕38,2021/08/17,https://www.acfun.cn/v/ac30703967
白日高跟【巫小萤】少女时代-oh！,观看1.2万 • 弹幕14,2021/07/22,https://www.acfun.cn/v/ac30353316
国风旗袍【巫小萤】燕无歇,观看1.8万 • 弹幕9,2021/07/08,https://www.acfun.cn/v/ac30192652
又甜又性感的super idol 热爱105度的你【巫小萤】,观看2.7万 • 弹幕64,2021/06/23,https://www.acfun.cn/v/ac29947206
性感妹妹谁不爱呢1week一周舞蹈,观看4.0万 • 弹幕38,2021/06/19,https://www.acfun.cn/v/ac29858086
【巫小萤】短发Short Hair,观看1.4万 • 弹幕14,2021/06/13,https://www.acfun.cn/v/ac29698913
【巫小萤 】shake it~元气又性感,观看7811 • 弹幕1,2021/06/03,https://www.acfun.cn/v/ac29438884
肉0肉0！Rollin 椅子舞【巫小萤】,观看5.5万 • 弹幕41,2021/05/08,https://www.acfun.cn/v/ac28544318
性感换装T-ara-sexy love 【巫小萤】,观看2.3万 • 弹幕25,2021/04/22,https://www.acfun.cn/v/ac28064932
皮裙小恶魔的Helicopter-CLC,观看6.0万 • 弹幕44,2021/04/10,https://www.acfun.cn/v/ac27608549
JK白丝的心电感应,观看3.5万 • 弹幕26,2021/04/03,https://www.acfun.cn/v/ac27442501
性感御姐Something-Girl’s day怀旧金曲【巫小萤】,观看1.4万 • 弹幕19,2021/03/18,https://www.acfun.cn/v/ac26954370
【竖屏】紫光夜-宣美,观看8228 • 弹幕8,2021/03/03,https://www.acfun.cn/v/ac26229389
从此君王不早朝【巫小萤】花间酒,观看8064 • 弹幕13,2021/02/26,https://www.acfun.cn/v/ac25938286
月光下的光脚少女~满月 宣美【巫小萤】,观看1.0万 • 弹幕11,2021/02/14,https://www.acfun.cn/v/ac24802405
【巫小萤】千里邀月~祝大家新年快乐,观看6175 • 弹幕7,2021/02/11,https://www.acfun.cn/v/ac24531255
紫霞仙子的诱惑#紫光夜#宣美【巫小萤】,观看1.4万 • 弹幕12,2021/02/04,https://www.acfun.cn/v/ac23866971
进来说一句生日快乐吗,观看1.6万 • 弹幕46,2021/01/12,https://www.acfun.cn/v/ac21839699
白丝皮卡丘＊交织together,观看8.8万 • 弹幕68,2021/01/07,https://www.acfun.cn/v/ac21529011
【巫小萤】Hmph！撒娇娇，生气气,观看1.2万 • 弹幕7,2020/12/29,https://www.acfun.cn/v/ac21168544
安眠曲Good night kiss 【巫小萤】,观看2.7万 • 弹幕26,2020/12/25,https://www.acfun.cn/v/ac21047045
【巫小萤】椅子舞nobody抒情版,观看1.1万 • 弹幕11,2020/12/18,https://www.acfun.cn/v/ac20812104
【巫小萤】霜降,观看1.6万 • 弹幕10,2020/12/11,https://www.acfun.cn/v/ac20559712
【巫小萤】CLC-Like it 姐姐我可以！,观看2.0万 • 弹幕22,2020/12/03,https://www.acfun.cn/v/ac20289260
【巫小萤】那就相恋吧,观看5349 • 弹幕8,2020/11/27,https://www.acfun.cn/v/ac20107817
竖屏的LUV超甜~,观看2.3万 • 弹幕17,2020/11/17,https://www.acfun.cn/v/ac19776890
香草味IceCream爱了吗,观看1.9万 • 弹幕25,2020/11/12,https://www.acfun.cn/v/ac19559682
*竖屏*Alone 旗袍女王,观看6.0万 • 弹幕40,2020/11/09,https://www.acfun.cn/v/ac19503485
制服学姐的LUV-Apink【巫小萤】,观看1.5万 • 弹幕17,2020/11/06,https://www.acfun.cn/v/ac19418694
【巫小萤】迟到的夏日清凉summertime,观看9591 • 弹幕16,2020/10/30,https://www.acfun.cn/v/ac19181503
【巫小萤】Sister-Alone 做自己的女王,观看2.1万 • 弹幕25,2020/10/29,https://www.acfun.cn/v/ac19159617
【巫小萤】Nobody 复古经典旗袍作,观看1.1万 • 弹幕11,2020/10/23,https://www.acfun.cn/v/ac18948558
【巫小萤】广寒宫✿白丝旗袍,观看1.6万 • 弹幕22,2020/10/16,https://www.acfun.cn/v/ac18701540
费腰费膝盖的Maria【巫小萤】,观看5.4万 • 弹幕43,2020/09/24,https://www.acfun.cn/v/ac18088220
【巫小萤】AOA-短裙 Miniskirt 红裙高跟,观看3.1万 • 弹幕25,2020/09/17,https://www.acfun.cn/v/ac17939694
【巫小萤】dududu进来夸性感,观看2.0万 • 弹幕24,2020/09/08,https://www.acfun.cn/v/ac17796893
【巫小萤】AOA-100秒@性感换装 竖屏,观看2.5万 • 弹幕18,2020/08/31,https://www.acfun.cn/v/ac17695145
【巫小萤&赤闇yuto】Trouble Maker大橘已定,观看2.6万 • 弹幕26,2020/08/06,https://www.acfun.cn/v/ac17253323
【巫小萤】恋爱循环加速版*白丝蕾姆女仆装,观看1.4万 • 弹幕10,2020/07/23,https://www.acfun.cn/v/ac16985168
【巫小萤】无价之姐@乘风破浪的性感女王,观看2.4万 • 弹幕21,2020/07/16,https://www.acfun.cn/v/ac16854533
【巫小萤】怦然心动-AOA性感元气,观看1.9万 • 弹幕16,2020/07/13,https://www.acfun.cn/v/ac16799652
【巫小萤】摆尾（Freaky）- 金泫雅,观看3.3万 • 弹幕24,2020/07/03,https://www.acfun.cn/v/ac16599295
【巫小萤】T-ara-No.9战歌起！,观看1.2万 • 弹幕13,2020/06/25,https://www.acfun.cn/v/ac16438407
【巫小萤】激昂壮志~指挥官，听您派遣,观看3.2万 • 弹幕27,2020/06/18,https://www.acfun.cn/v/ac16261275
"【巫小萤】勾指起誓♪蕾姆花嫁Ver,",观看2.3万 • 弹幕49,2020/06/15,https://www.acfun.cn/v/ac16206768
【巫小萤】你最最最重要@创造营2020,观看2.1万 • 弹幕16,2020/06/01,https://www.acfun.cn/v/ac15902581
【巫小萤】严正花-招待 性感旗袍作,观看6.6万 • 弹幕51,2020/05/29,https://www.acfun.cn/v/ac15841741
美少女的胃有多大？【魔都自助餐篇【美食vlog,观看6411 • 弹幕23,2020/05/25,https://www.acfun.cn/v/ac15760743
【巫小萤】爱你520深情告白,观看2.8万 • 弹幕26,2020/05/19,https://www.acfun.cn/v/ac15631578
【巫小萤】成人礼性感旗袍风情万种,观看5.2万 • 弹幕61,2020/05/14,https://www.acfun.cn/v/ac15526913
【巫小萤】AOA-短裙 竖屏 性感细高跟,观看2.3万 • 弹幕23,2020/05/08,https://www.acfun.cn/v/ac15397980
和姐妹们一起去泡温泉啦,观看8553 • 弹幕18,2020/05/07,https://www.acfun.cn/v/ac15375352
【巫小萤】AOA-短裙 Miniskirt 性感姐姐,观看4.7万 • 弹幕79,2020/04/30,https://www.acfun.cn/v/ac15237011
【巫小萤】World Wide Festival,观看3.8万 • 弹幕26,2020/04/23,https://www.acfun.cn/v/ac14989474
【巫小萤】青春有你2主题曲 YES！OK！想住进你的心里呀,观看4.6万 • 弹幕39,2020/04/15,https://www.acfun.cn/v/ac14750491
【猛男必看】白丝测评从10D到50D 女仆高跟,观看11.5万 • 弹幕100,2020/04/13,https://www.acfun.cn/v/ac14698326
【巫小萤】Thumbs up夜上海性感蹦迪,观看7.3万 • 弹幕55,2020/03/24,https://www.acfun.cn/v/ac14116964
【巫小萤】风月️旗袍高跟,观看3.0万 • 弹幕29,2020/03/17,https://www.acfun.cn/v/ac13901313
【巫小萤】猫步轻俏️性感黑喵 Like a cat,观看9.9万 • 弹幕62,2020/03/13,https://www.acfun.cn/v/ac13704446
【巫小萤】CALL ME CALL ME体操服,观看6.6万 • 弹幕57,2020/02/27,https://www.acfun.cn/v/ac13263953
【巫小萤】Love Potion️干了这杯爱情毒药,观看1.9万 • 弹幕25,2020/02/20,https://www.acfun.cn/v/ac13010753
【巫小萤】新宝岛,观看6.1万 • 弹幕41,2020/02/15,https://www.acfun.cn/v/ac12928586
【巫小萤】AOA-猫步轻俏️性感白喵,观看7.2万 • 弹幕69,2020/02/06,https://www.acfun.cn/v/ac12719961
【巫小萤】不要脱人家的水手服啦,观看4.8万 • 弹幕98,2020/01/16,https://www.acfun.cn/v/ac12407264
【巫小萤】孝敏-Nicebody 生日作,观看5.9万 • 弹幕118,2020/01/11,https://www.acfun.cn/v/ac12366563
【巫小萤】】玫瑰人生*La Vie En Rose*,观看2.2万 • 弹幕108,2019/12/30,https://www.acfun.cn/v/ac12194984
【巫小萤】BUBBLE POP 夏天的味道,观看6.9万 • 弹幕62,2019/12/23,https://www.acfun.cn/v/ac12130486
【巫小萤】小鹿乱撞,观看2.6万 • 弹幕31,2019/12/19,https://www.acfun.cn/v/ac12046917
【巫小萤】Birthday,观看5.4万 • 弹幕48,2019/12/09,https://www.acfun.cn/v/ac11892525
【黑色连裤袜】从10D到100D的透肉测评,观看12.9万 • 弹幕153,2019/11/24,https://www.acfun.cn/v/ac11739596
【巫小萤】对你青睐 体操少女的告白,观看3.2万 • 弹幕60,2019/11/16,https://www.acfun.cn/v/ac11672144
【巫小萤】Violeta-IZ*ONE优雅小仙女,观看3.0万 • 弹幕46,2019/11/06,https://www.acfun.cn/v/ac11578058
【巫小萤】LALALAY 肉感御姐Ƹ̵̡Ӝ̵̨̄Ʒ,观看4.3万 • 弹幕37,2019/10/24,https://www.acfun.cn/v/ac11472639
【A等生】【毕业练习生】恋爱循环 黑色or白色？,观看1.0万 • 弹幕9,2019/10/17,https://www.acfun.cn/v/ac11391529
【巫小萤】AOA-Excuse me 性感翻跳,观看2.4万 • 弹幕22,2019/10/10,https://www.acfun.cn/v/ac11350151
【巫小萤】芒种 旗袍作,观看2.6万 • 弹幕12,2019/10/01,https://www.acfun.cn/v/ac11273316
【巫小萤】是萝莉控太好啦 爸妈不在家系列,观看2.9万 • 弹幕23,2019/09/26,https://www.acfun.cn/v/ac11189307
【巫小萤】girls之舞 羞耻play,观看5.7万 • 弹幕96,2019/09/19,https://www.acfun.cn/v/ac11060725
【巫小萤】桃花笑 旗袍作,观看1.7万 • 弹幕28,2019/09/12,https://www.acfun.cn/v/ac10924001
【巫小萤】心如止水,观看2.0万 • 弹幕21,2019/09/05,https://www.acfun.cn/v/ac10872845
【巫小萤】舌战江湖❉高跟旗袍,观看3.0万 • 弹幕43,2019/08/22,https://www.acfun.cn/v/ac10789230
【巫小萤】春风前线,观看4083 • 弹幕8,2019/08/15,https://www.acfun.cn/v/ac10740537
【巫小萤】 I m So Hot 性感蹦迪,观看7.8万 • 弹幕41,2019/08/08,https://www.acfun.cn/v/ac10683464
【巫小萤】hot issue 太会扭了,观看4.4万 • 弹幕34,2019/08/05,https://www.acfun.cn/v/ac10659982
【巫小萤】人工智能爱酱 AIAIAI 爱你哟！！,观看2.7万 • 弹幕24,2019/07/26,https://www.acfun.cn/v/ac10565806
【巫小萤】江南夜 古风旗袍作,观看7.5万 • 弹幕56,2019/07/18,https://www.acfun.cn/v/ac10479753
98元一碗兰州拉面？上海网红牛大碗探店,观看1.9万 • 弹幕35,2019/07/14,https://www.acfun.cn/v/ac10427482
穿着睡衣素颜的我，你们还认识吗？,观看5.4万 • 弹幕15,2019/07/13,https://www.acfun.cn/v/ac10426742
【巫小萤】Senorita 性感妖娆双倍的快乐,观看4.2万 • 弹幕74,2019/07/04,https://www.acfun.cn/v/ac10385857
【巫小萤】Electric ・Magic 元气注入,观看1.2万 • 弹幕16,2019/06/27,https://www.acfun.cn/v/ac10361527
【巫小萤】(G)I-DLE HANN 请记住我,观看2.3万 • 弹幕16,2019/06/20,https://www.acfun.cn/v/ac10338310
【巫小萤】出山 旗袍作,观看3.1万 • 弹幕33,2019/06/13,https://www.acfun.cn/v/ac10315080
【巫小萤】(G)I-DLE LATATA 性感撩人,观看3.6万 • 弹幕51,2019/06/06,https://www.acfun.cn/v/ac10293198
【巫小萤】EXID-I LOVE YOU性感御姐上线,观看5.0万 • 弹幕29,2019/05/24,https://www.acfun.cn/v/ac10250933
【巫小萤】First Kiss︎！,观看4426 • 弹幕2,2019/05/23,https://www.acfun.cn/v/ac10247533
【巫小萤】来啊~ 快活啊 《痒》-黄龄 妖娆中国风爵士,观看3.3万 • 弹幕55,2019/05/16,https://www.acfun.cn/v/ac10223473
【巫小萤】Lisa-Attention,观看3.8万 • 弹幕36,2019/05/10,https://www.acfun.cn/v/ac10203362
【巫小萤】EXID-Up&Down 上和下 糟糕的动作,观看6.9万 • 弹幕46,2019/05/03,https://www.acfun.cn/v/ac10180212
【巫小萤】兔子舞,观看4.7万 • 弹幕69,2019/04/25,https://www.acfun.cn/v/ac10156976
【巫小萤】桃花旗袍❉高跟旗袍,观看25.0万 • 弹幕130,2019/04/12,https://www.acfun.cn/v/ac10108332
【巫小萤】 Pizzicato Drops ♪ 想做你的小仙女,观看4.3万 • 弹幕45,2019/04/04,https://www.acfun.cn/v/ac10077636
【巫小萤】红房子编舞- No Excuses,观看3.3万 • 弹幕34,2019/03/29,https://www.acfun.cn/v/ac10055472
【巫小萤】辣Lisa-Swalla 性感日地舞 Solo BLACKPINK粉墨,观看1.9万 • 弹幕20,2019/03/22,https://www.acfun.cn/v/ac10030348
【巫小萤】我的世界已坠入爱河,观看6.9万 • 弹幕50,2019/03/15,https://www.acfun.cn/v/ac10005035
【巫小萤】Rabbit 兔兔这么可爱，不可以吃哦,观看4147 • 弹幕3,2019/03/14,https://www.acfun.cn/v/ac10001795
【巫小萤】Havana 吸引到你了吗,观看14.2万 • 弹幕76,2019/03/07,https://www.acfun.cn/v/ac5001002
【巫小萤】❀一花依世界❀旗袍,观看8.6万 • 弹幕56,2019/02/28,https://www.acfun.cn/v/ac4981299
【巫小萤】魔性洗脑书记舞辉夜大小姐想让我告白ed,观看6343 • 弹幕8,2019/02/25,https://www.acfun.cn/v/ac4971908
【巫小萤】改革春风吹满地 一本正经地鬼畜,观看3.9万 • 弹幕76,2019/02/22,https://www.acfun.cn/v/ac4963927
【巫小萤】Good Time 感觉人生达到高潮,观看2.7万 • 弹幕29,2019/02/19,https://www.acfun.cn/v/ac4953343
【巫小萤】情人节之吻抱住亲 (づ￣3￣)づ╭ 情人节快乐,观看2.9万 • 弹幕27,2019/02/14,https://www.acfun.cn/v/ac4939577
【巫小萤】泫雅-Lip&Hip ♔性感挑战,观看10.4万 • 弹幕55,2019/02/01,https://www.acfun.cn/v/ac4913318
【巫小萤】Happyhappy♪morning主人！该起床啦！女仆起床歌,观看7.8万 • 弹幕59,2019/01/25,https://www.acfun.cn/v/ac4896331
【巫小萤】神谕法则,观看2.3万 • 弹幕18,2019/01/24,https://www.acfun.cn/v/ac4892461
【巫小萤】Watch Me Work 初投稿,观看3.1万 • 弹幕26,2019/01/18,https://www.acfun.cn/v/ac4873978
